
    {
        "cmpgnYr": 2015,
        "cmpgnNr": 18,
        "orderNr": 31930,
        "billingDt": 1446958800000,
        "billXpirtnDt": 1448600400000,
        "calculateInterest": "TRUE",
        "dueDt": 1448859600000,
        "amount": 207.29,
        "amountPOff": 321.2,
        "billNr": "10498.89023 73460.035188 80000.030173 9 66280000020729",
        "barCdNr": "10499662800000207298890273460035188000003017"
    }
